{
  "project_info": {
    "project_number": "803706967898",
    "firebase_url": "https://creativeshare-30bf9.firebaseio.com",
    "project_id": "creativeshare-30bf9",
    "storage_bucket": "creativeshare-30bf9.appspot.com"
  },
  "client": [
    {
      "client_info": {
        "mobilesdk_app_id": "1:803706967898:android:51d5aa26f74f8c53c28563",
        "android_client_info": {
          "package_name": "com.arab_developers_apps.theqah"
        }
      },
      "oauth_client": [
        {
          "client_id": "803706967898-603ijok5tgnqnliismp38gi9f111jp35.apps.googleusercontent.com",
          "client_type": 3
        }
      ],
      "api_key": [
        {
          "current_key": "AIzaSyDBKHQ2HQBYBJbtw_Pg-4p7JOxuukvRKkE"
        }
      ],
      "services": {
        "appinvite_service": {
          "other_platform_oauth_client": [
            {
              "client_id": "803706967898-g9h52oagf950htlb1hsalf4naskcht0o.apps.googleusercontent.com",
              "client_type": 3
            },
            {
              "client_id": "803706967898-v48l0f9diugmsk7mmvhcbtnpnqlgfr9o.apps.googleusercontent.com",
              "client_type": 2,
              "ios_info": {
                "bundle_id": "com.creativeShare.humhum"
              }
            }
          ]
        }
      }
    },
    {
      "client_info": {
        "mobilesdk_app_id": "1:803706967898:android:b0c9cc0fe1d76989c28563",
        "android_client_info": {
          "package_name": "com.creative.share.apps.heragelawal"
        }
      },
      "oauth_client": [
        {
          "client_id": "803706967898-603ijok5tgnqnliismp38gi9f111jp35.apps.googleusercontent.com",
          "client_type": 3
        }
      ],
      "api_key": [
        {
          "current_key": "AIzaSyDBKHQ2HQBYBJbtw_Pg-4p7JOxuukvRKkE"
        }
      ],
      "services": {
        "appinvite_service": {
          "other_platform_oauth_client": [
            {
              "client_id": "803706967898-g9h52oagf950htlb1hsalf4naskcht0o.apps.googleusercontent.com",
              "client_type": 3
            },
            {
              "client_id": "803706967898-v48l0f9diugmsk7mmvhcbtnpnqlgfr9o.apps.googleusercontent.com",
              "client_type": 2,
              "ios_info": {
                "bundle_id": "com.creativeShare.humhum"
              }
            }
          ]
        }
      }
    },
    {
      "client_info": {
        "mobilesdk_app_id": "1:803706967898:android:bccdb8a25c4659c4c28563",
        "android_client_info": {
          "package_name": "com.creative.share.apps.nearby"
        }
      },
      "oauth_client": [
        {
          "client_id": "803706967898-603ijok5tgnqnliismp38gi9f111jp35.apps.googleusercontent.com",
          "client_type": 3
        }
      ],
      "api_key": [
        {
          "current_key": "AIzaSyDBKHQ2HQBYBJbtw_Pg-4p7JOxuukvRKkE"
        }
      ],
      "services": {
        "appinvite_service": {
          "other_platform_oauth_client": [
            {
              "client_id": "803706967898-g9h52oagf950htlb1hsalf4naskcht0o.apps.googleusercontent.com",
              "client_type": 3
            },
            {
              "client_id": "803706967898-v48l0f9diugmsk7mmvhcbtnpnqlgfr9o.apps.googleusercontent.com",
              "client_type": 2,
              "ios_info": {
                "bundle_id": "com.creativeShare.humhum"
              }
            }
          ]
        }
      }
    },
    {
      "client_info": {
        "mobilesdk_app_id": "1:803706967898:android:25736801db31bf07c28563",
        "android_client_info": {
          "package_name": "com.creative.share.apps.wash_squad"
        }
      },
      "oauth_client": [
        {
          "client_id": "803706967898-603ijok5tgnqnliismp38gi9f111jp35.apps.googleusercontent.com",
          "client_type": 3
        }
      ],
      "api_key": [
        {
          "current_key": "AIzaSyDBKHQ2HQBYBJbtw_Pg-4p7JOxuukvRKkE"
        }
      ],
      "services": {
        "appinvite_service": {
          "other_platform_oauth_client": [
            {
              "client_id": "803706967898-g9h52oagf950htlb1hsalf4naskcht0o.apps.googleusercontent.com",
              "client_type": 3
            },
            {
              "client_id": "803706967898-v48l0f9diugmsk7mmvhcbtnpnqlgfr9o.apps.googleusercontent.com",
              "client_type": 2,
              "ios_info": {
                "bundle_id": "com.creativeShare.humhum"
              }
            }
          ]
        }
      }
    },
    {
      "client_info": {
        "mobilesdk_app_id": "1:803706967898:android:1494aace03e8671ac28563",
        "android_client_info": {
          "package_name": "com.creative.share.apps.wash_squad_driver"
        }
      },
      "oauth_client": [
        {
          "client_id": "803706967898-603ijok5tgnqnliismp38gi9f111jp35.apps.googleusercontent.com",
          "client_type": 3
        }
      ],
      "api_key": [
        {
          "current_key": "AIzaSyDBKHQ2HQBYBJbtw_Pg-4p7JOxuukvRKkE"
        }
      ],
      "services": {
        "appinvite_service": {
          "other_platform_oauth_client": [
            {
              "client_id": "803706967898-g9h52oagf950htlb1hsalf4naskcht0o.apps.googleusercontent.com",
              "client_type": 3
            },
            {
              "client_id": "803706967898-v48l0f9diugmsk7mmvhcbtnpnqlgfr9o.apps.googleusercontent.com",
              "client_type": 2,
              "ios_info": {
                "bundle_id": "com.creativeShare.humhum"
              }
            }
          ]
        }
      }
    },
    {
      "client_info": {
        "mobilesdk_app_id": "1:803706967898:android:a5108bfacdaa12dc",
        "android_client_info": {
          "package_name": "com.creative_share_apps.wow"
        }
      },
      "oauth_client": [
        {
          "client_id": "803706967898-603ijok5tgnqnliismp38gi9f111jp35.apps.googleusercontent.com",
          "client_type": 3
        }
      ],
      "api_key": [
        {
          "current_key": "AIzaSyDBKHQ2HQBYBJbtw_Pg-4p7JOxuukvRKkE"
        }
      ],
      "services": {
        "appinvite_service": {
          "other_platform_oauth_client": [
            {
              "client_id": "803706967898-g9h52oagf950htlb1hsalf4naskcht0o.apps.googleusercontent.com",
              "client_type": 3
            },
            {
              "client_id": "803706967898-v48l0f9diugmsk7mmvhcbtnpnqlgfr9o.apps.googleusercontent.com",
              "client_type": 2,
              "ios_info": {
                "bundle_id": "com.creativeShare.humhum"
              }
            }
          ]
        }
      }
    },
    {
      "client_info": {
        "mobilesdk_app_id": "1:803706967898:android:7507a1427d5be045",
        "android_client_info": {
          "package_name": "com.creativeshare.agriculturalstockexchange"
        }
      },
      "oauth_client": [
        {
          "client_id": "803706967898-gannmdptljld6ilqc9fgpo4kush7pjba.apps.googleusercontent.com",
          "client_type": 1,
          "android_info": {
            "package_name": "com.creativeshare.agriculturalstockexchange",
            "certificate_hash": "a1075f413d81b045a581da1114aaea6b133e62c5"
          }
        },
        {
          "client_id": "803706967898-603ijok5tgnqnliismp38gi9f111jp35.apps.googleusercontent.com",
          "client_type": 3
        }
      ],
      "api_key": [
        {
          "current_key": "AIzaSyDBKHQ2HQBYBJbtw_Pg-4p7JOxuukvRKkE"
        }
      ],
      "services": {
        "appinvite_service": {
          "other_platform_oauth_client": [
            {
              "client_id": "803706967898-g9h52oagf950htlb1hsalf4naskcht0o.apps.googleusercontent.com",
              "client_type": 3
            },
            {
              "client_id": "803706967898-v48l0f9diugmsk7mmvhcbtnpnqlgfr9o.apps.googleusercontent.com",
              "client_type": 2,
              "ios_info": {
                "bundle_id": "com.creativeShare.humhum"
              }
            }
          ]
        }
      }
    },
    {
      "client_info": {
        "mobilesdk_app_id": "1:803706967898:android:cc3336f75192398d",
        "android_client_info": {
          "package_name": "com.creativeshare.constructionstock"
        }
      },
      "oauth_client": [
        {
          "client_id": "803706967898-603ijok5tgnqnliismp38gi9f111jp35.apps.googleusercontent.com",
          "client_type": 3
        }
      ],
      "api_key": [
        {
          "current_key": "AIzaSyDBKHQ2HQBYBJbtw_Pg-4p7JOxuukvRKkE"
        }
      ],
      "services": {
        "appinvite_service": {
          "other_platform_oauth_client": [
            {
              "client_id": "803706967898-g9h52oagf950htlb1hsalf4naskcht0o.apps.googleusercontent.com",
              "client_type": 3
            },
            {
              "client_id": "803706967898-v48l0f9diugmsk7mmvhcbtnpnqlgfr9o.apps.googleusercontent.com",
              "client_type": 2,
              "ios_info": {
                "bundle_id": "com.creativeShare.humhum"
              }
            }
          ]
        }
      }
    },
    {
      "client_info": {
        "mobilesdk_app_id": "1:803706967898:android:4516b1ca0ffa9181",
        "android_client_info": {
          "package_name": "com.creativeshare.emdad"
        }
      },
      "oauth_client": [
        {
          "client_id": "803706967898-603ijok5tgnqnliismp38gi9f111jp35.apps.googleusercontent.com",
          "client_type": 3
        }
      ],
      "api_key": [
        {
          "current_key": "AIzaSyDBKHQ2HQBYBJbtw_Pg-4p7JOxuukvRKkE"
        }
      ],
      "services": {
        "appinvite_service": {
          "other_platform_oauth_client": [
            {
              "client_id": "803706967898-g9h52oagf950htlb1hsalf4naskcht0o.apps.googleusercontent.com",
              "client_type": 3
            },
            {
              "client_id": "803706967898-v48l0f9diugmsk7mmvhcbtnpnqlgfr9o.apps.googleusercontent.com",
              "client_type": 2,
              "ios_info": {
                "bundle_id": "com.creativeShare.humhum"
              }
            }
          ]
        }
      }
    },
    {
      "client_info": {
        "mobilesdk_app_id": "1:803706967898:android:9ae89040e315a775",
        "android_client_info": {
          "package_name": "com.creativeshare.humhum"
        }
      },
      "oauth_client": [
        {
          "client_id": "803706967898-603ijok5tgnqnliismp38gi9f111jp35.apps.googleusercontent.com",
          "client_type": 3
        }
      ],
      "api_key": [
        {
          "current_key": "AIzaSyDBKHQ2HQBYBJbtw_Pg-4p7JOxuukvRKkE"
        }
      ],
      "services": {
        "appinvite_service": {
          "other_platform_oauth_client": [
            {
              "client_id": "803706967898-g9h52oagf950htlb1hsalf4naskcht0o.apps.googleusercontent.com",
              "client_type": 3
            },
            {
              "client_id": "803706967898-v48l0f9diugmsk7mmvhcbtnpnqlgfr9o.apps.googleusercontent.com",
              "client_type": 2,
              "ios_info": {
                "bundle_id": "com.creativeShare.humhum"
              }
            }
          ]
        }
      }
    },
    {
      "client_info": {
        "mobilesdk_app_id": "1:803706967898:android:811ad46a65574632",
        "android_client_info": {
          "package_name": "com.creativeshare.mrsoolk"
        }
      },
      "oauth_client": [
        {
          "client_id": "803706967898-603ijok5tgnqnliismp38gi9f111jp35.apps.googleusercontent.com",
          "client_type": 3
        }
      ],
      "api_key": [
        {
          "current_key": "AIzaSyDBKHQ2HQBYBJbtw_Pg-4p7JOxuukvRKkE"
        }
      ],
      "services": {
        "appinvite_service": {
          "other_platform_oauth_client": [
            {
              "client_id": "803706967898-g9h52oagf950htlb1hsalf4naskcht0o.apps.googleusercontent.com",
              "client_type": 3
            },
            {
              "client_id": "803706967898-v48l0f9diugmsk7mmvhcbtnpnqlgfr9o.apps.googleusercontent.com",
              "client_type": 2,
              "ios_info": {
                "bundle_id": "com.creativeShare.humhum"
              }
            }
          ]
        }
      }
    },
    {
      "client_info": {
        "mobilesdk_app_id": "1:803706967898:android:0362a80a5849d571c28563",
        "android_client_info": {
          "package_name": "com.creativeshare.registerme"
        }
      },
      "oauth_client": [
        {
          "client_id": "803706967898-pcop0mogjf6qf5tt2stag5ttghbraki1.apps.googleusercontent.com",
          "client_type": 1,
          "android_info": {
            "package_name": "com.creativeshare.registerme",
            "certificate_hash": "adba1b1edc4c6cd091e6a884ca9db9508ead1408"
          }
        },
        {
          "client_id": "803706967898-603ijok5tgnqnliismp38gi9f111jp35.apps.googleusercontent.com",
          "client_type": 3
        }
      ],
      "api_key": [
        {
          "current_key": "AIzaSyDBKHQ2HQBYBJbtw_Pg-4p7JOxuukvRKkE"
        }
      ],
      "services": {
        "appinvite_service": {
          "other_platform_oauth_client": [
            {
              "client_id": "803706967898-g9h52oagf950htlb1hsalf4naskcht0o.apps.googleusercontent.com",
              "client_type": 3
            },
            {
              "client_id": "803706967898-v48l0f9diugmsk7mmvhcbtnpnqlgfr9o.apps.googleusercontent.com",
              "client_type": 2,
              "ios_info": {
                "bundle_id": "com.creativeShare.humhum"
              }
            }
          ]
        }
      }
    },
    {
      "client_info": {
        "mobilesdk_app_id": "1:803706967898:android:743e43ab62a33c37",
        "android_client_info": {
          "package_name": "com.creativeshare.sals"
        }
      },
      "oauth_client": [
        {
          "client_id": "803706967898-eenk8tlv3j276ivviu5k9jtjnuvtailb.apps.googleusercontent.com",
          "client_type": 1,
          "android_info": {
            "package_name": "com.creativeshare.sals",
            "certificate_hash": "c8c50f62bb100b4a9d4cad04a335fabb51480e23"
          }
        },
        {
          "client_id": "803706967898-f421dtfk67kc5u7fk1g9tvhcao8h12ou.apps.googleusercontent.com",
          "client_type": 1,
          "android_info": {
            "package_name": "com.creativeshare.sals",
            "certificate_hash": "a1075f413d81b045a581da1114aaea6b133e62c5"
          }
        },
        {
          "client_id": "803706967898-603ijok5tgnqnliismp38gi9f111jp35.apps.googleusercontent.com",
          "client_type": 3
        }
      ],
      "api_key": [
        {
          "current_key": "AIzaSyDBKHQ2HQBYBJbtw_Pg-4p7JOxuukvRKkE"
        }
      ],
      "services": {
        "appinvite_service": {
          "other_platform_oauth_client": [
            {
              "client_id": "803706967898-g9h52oagf950htlb1hsalf4naskcht0o.apps.googleusercontent.com",
              "client_type": 3
            },
            {
              "client_id": "803706967898-v48l0f9diugmsk7mmvhcbtnpnqlgfr9o.apps.googleusercontent.com",
              "client_type": 2,
              "ios_info": {
                "bundle_id": "com.creativeShare.humhum"
              }
            }
          ]
        }
      }
    },
    {
      "client_info": {
        "mobilesdk_app_id": "1:803706967898:android:a9a9bdd95b8fe59a",
        "android_client_info": {
          "package_name": "com.creativeshare.sunfun"
        }
      },
      "oauth_client": [
        {
          "client_id": "803706967898-603ijok5tgnqnliismp38gi9f111jp35.apps.googleusercontent.com",
          "client_type": 3
        }
      ],
      "api_key": [
        {
          "current_key": "AIzaSyDBKHQ2HQBYBJbtw_Pg-4p7JOxuukvRKkE"
        }
      ],
      "services": {
        "appinvite_service": {
          "other_platform_oauth_client": [
            {
              "client_id": "803706967898-g9h52oagf950htlb1hsalf4naskcht0o.apps.googleusercontent.com",
              "client_type": 3
            },
            {
              "client_id": "803706967898-v48l0f9diugmsk7mmvhcbtnpnqlgfr9o.apps.googleusercontent.com",
              "client_type": 2,
              "ios_info": {
                "bundle_id": "com.creativeShare.humhum"
              }
            }
          ]
        }
      }
    },
    {
      "client_info": {
        "mobilesdk_app_id": "1:803706967898:android:a62f6eed20661560",
        "android_client_info": {
          "package_name": "com.example.alarmme"
        }
      },
      "oauth_client": [
        {
          "client_id": "803706967898-603ijok5tgnqnliismp38gi9f111jp35.apps.googleusercontent.com",
          "client_type": 3
        }
      ],
      "api_key": [
        {
          "current_key": "AIzaSyDBKHQ2HQBYBJbtw_Pg-4p7JOxuukvRKkE"
        }
      ],
      "services": {
        "appinvite_service": {
          "other_platform_oauth_client": [
            {
              "client_id": "803706967898-g9h52oagf950htlb1hsalf4naskcht0o.apps.googleusercontent.com",
              "client_type": 3
            },
            {
              "client_id": "803706967898-v48l0f9diugmsk7mmvhcbtnpnqlgfr9o.apps.googleusercontent.com",
              "client_type": 2,
              "ios_info": {
                "bundle_id": "com.creativeShare.humhum"
              }
            }
          ]
        }
      }
    }
  ],
  "configuration_version": "1"
}